{"cameraMode":{"drawMode":0,"name":"Shaded","section":"Shading Mode"},"sceneLighting":true,"audioPlay":false,"sceneViewState":{"showFog":true,"showMaterialUpdate":false,"showSkybox":true,"showFlares":true,"showImageEffects":true,"showParticleSystems":true},"in2DMode":false,"pivot":{"x":375.6827087402344,"y":369.1270751953125,"z":628.905517578125},"rotation":{"x":-0.27373436093330386,"y":0.6519907712936401,"z":-0.27373605966567995,"w":-0.6519756317138672},"size":31.077770233154298,"orthographic":false}