{"cameraMode":{"drawMode":0,"name":"Shaded","section":"Shading Mode"},"sceneLighting":false,"audioPlay":false,"sceneViewState":{"showFog":true,"showMaterialUpdate":false,"showSkybox":false,"showFlares":true,"showImageEffects":true,"showParticleSystems":true},"in2DMode":false,"pivot":{"x":761.2771606445313,"y":1.6892642974853516,"z":922.3277587890625},"rotation":{"x":0.19765442609786988,"y":0.8010067939758301,"z":-0.42468246817588808,"w":0.3728170096874237},"size":9.275291442871094,"orthographic":false}