{"cameraMode":{"drawMode":0,"name":"Shaded","section":"Shading Mode"},"sceneLighting":false,"audioPlay":false,"sceneViewState":{"showFog":true,"showMaterialUpdate":false,"showSkybox":false,"showFlares":true,"showImageEffects":true,"showParticleSystems":true},"in2DMode":false,"pivot":{"x":756.4700317382813,"y":2.362778663635254,"z":915.29443359375},"rotation":{"x":-0.18759043514728547,"y":0.6817880868911743,"z":-0.18758556246757508,"w":-0.6817716360092163},"size":4.5247907638549809,"orthographic":false}