{"cameraMode":{"drawMode":0,"name":"Shaded","section":"Shading Mode"},"sceneLighting":false,"audioPlay":false,"sceneViewState":{"showFog":true,"showMaterialUpdate":false,"showSkybox":false,"showFlares":true,"showImageEffects":true,"showParticleSystems":true},"in2DMode":false,"pivot":{"x":372.42413330078127,"y":3.609999656677246,"z":373.0},"rotation":{"x":0.03785856440663338,"y":-0.8860207200050354,"z":0.45621630549430849,"w":0.07352752238512039},"size":5.498023986816406,"orthographic":false}