{"cameraMode":{"drawMode":0,"name":"Shaded","section":"Shading Mode"},"sceneLighting":true,"audioPlay":false,"sceneViewState":{"showFog":true,"showMaterialUpdate":false,"showSkybox":true,"showFlares":true,"showImageEffects":true,"showParticleSystems":true},"in2DMode":false,"pivot":{"x":36.24123764038086,"y":-8.626472473144532,"z":0.20824337005615235},"rotation":{"x":0.6149923205375671,"y":-0.0059138815850019459,"z":0.0046122875064611439,"w":0.7884975671768189},"size":120.58871459960938,"orthographic":false}