{"cameraMode":{"drawMode":0,"name":"Shaded","section":"Shading Mode"},"sceneLighting":false,"audioPlay":false,"sceneViewState":{"showFog":true,"showMaterialUpdate":false,"showSkybox":false,"showFlares":true,"showImageEffects":true,"showParticleSystems":true},"in2DMode":false,"pivot":{"x":915.860107421875,"y":-361.33465576171877,"z":142.75909423828126},"rotation":{"x":-0.3848564326763153,"y":-0.1259240061044693,"z":0.053108591586351398,"w":-0.9128193259239197},"size":10.0,"orthographic":false}